<Modules>
  <Module PersistentId="25573B4D-4B29-463F-89E8-02A5CF9D4894" ModuleId="CRM Domain Model" />
  <Module PersistentId="623C13D2-001C-4783-961D-6FE16FABCC2C" ModuleId="CRM.MVVM" />
  <Module PersistentId="A7BB3834-53A4-4BBF-BCB1-6F3D2665DFC7" ModuleId="CRM.BL.RIA.Web" />
  <Module PersistentId="970D5273-94B6-48FF-9645-BDA44B815F91" ModuleId="CRM.BL.RIA" />
  <Module PersistentId="77BB359A-93CC-4A21-8CB8-0551DD5F4A30" ModuleId="CRM.MVVM.WPF" />
  <Module PersistentId="EB035173-F91B-4F26-AF9A-76DAA4394373" ModuleId="CRM.MVVM.SL.Web" />
  <Module PersistentId="9DDD9467-8855-42AF-A90F-F178A077FAB7" ModuleId="CRM.MVVM.SL" />
  <Module PersistentId="EB02B4A1-3A07-4167-87D0-DCAA989960DC" ModuleId="CRM.BL.WF" />
  <Module PersistentId="768529E5-FF44-4C87-9163-9E141C1642CC" ModuleId="CRM.BL" />
  <Module PersistentId="37D0B3F6-3CAB-41F1-BB77-4EE70B54C5EF" ModuleId="CRM.Dal.EF" />
  <Module PersistentId="68EEDC98-6F75-4E51-97FD-CCFDE734F67D" ModuleId="CRM.Dal.Nhibernate" />
  <Module PersistentId="167F44AE-344F-4948-98F8-DF5D5E785BE7" ModuleId="CRM.Dal" />
  <Module PersistentId="5ACCFDD2-7533-4D24-9E2E-2FE901CC942B" ModuleId="CRM.Dal.NHibernate.Fixture" />
  <Module PersistentId="25BC872B-AD50-4488-A14B-76C454823116" ModuleId="CRM.Dal.EF.Fixture" />
</Modules>