﻿<?xml version="1.0" encoding="utf-8" ?>
<hibernate-mapping
  xmlns="urn:nhibernate-mapping-2.2"
  assembly="CRM.Domain"
  namespace="CRM.Domain.Domain"
  default-lazy="false">
  <class name="Address" abstract="false"
         table="Address">
    <id name="PrimaryKey">
      <generator class="guid.comb" />
    </id>
    <property name="AddressLine1" />
    <property name="AddressLine2" />
    <property name="City" />
    <property name="Country" />
    <property name="IsDefault" />
    <property name="State" />
    <property name="Town" />
    <property name="ZipCode" />
  </class>
         
</hibernate-mapping>