﻿<?xml version="1.0" encoding="utf-8" ?>
<hibernate-mapping
  xmlns="urn:nhibernate-mapping-2.2"
  assembly="CRM.Domain"
  namespace="CRM.Domain.Domain"
  default-lazy="false">
  <class name="Approval" abstract="false"
         table="Approval">
    <id name="PrimaryKey">
      <generator class="guid.comb" />
    </id>
    <property name="Status" />
    <many-to-one name="Customer" class="Customer" />
    <many-to-one name="Employee" class="Employee" />
    <many-to-one name="Order" class="Order" column="[Order]"/>
  </class>
         
</hibernate-mapping>