﻿<?xml version="1.0" encoding="utf-8" ?>
<hibernate-mapping
  xmlns="urn:nhibernate-mapping-2.2"
  assembly="CRM.Domain"
  namespace="CRM.Domain.Domain"
  default-lazy="false">
  <class name="Contact" abstract="false"
         table="Contact">
    <id name="PrimaryKey">
      <generator class="guid.comb" />
    </id>
    <property name="ContactType" />
    <property name="Description" />
    <property name="IsDefault"/>
    <property name="Name"/>
    <property name="Number" />
    <many-to-one name="Person" class="Person" not-null="false" cascade="all">
      <column name="PersonPrimaryKey" />
    </many-to-one>
  </class>
         
</hibernate-mapping>