﻿<?xml version="1.0" encoding="utf-8" ?>
<hibernate-mapping
  xmlns="urn:nhibernate-mapping-2.2"
  assembly="CRM.Domain"
  namespace="CRM.Domain.Domain"
  default-lazy="false">
  <class name="OrderLine" abstract="false"
         table="OrderLine">
    <id name="PrimaryKey">
      <generator class="guid.comb" />
    </id>
    <property name="Description" />
    <property name="Discount" />
    <property name="Quantity" />
    <property name="Total" />
    <many-to-one name="Product" class="Product" />
    <many-to-one name="Order" class="Order" column="[Order]" />
  </class>
         
</hibernate-mapping>